Date,Close/Last,Volume,Open,High,Low
03/04/2022,756.5,1944,761.75,800,741
03/03/2022,751.25,3331,745,778.5,745
03/02/2022,739,3067,741.75,760,723
03/01/2022,739.75,6543,699.75,744.25,699.75
02/28/2022,697.5,14563,688,704.75,679
02/25/2022,659.5,87288,696.75,707,657
02/24/2022,695,140239,683.5,718.75,682
02/23/2022,683.75,118467,674,685,669.25
02/22/2022,674.75,115693,657.75,676.75,657.75
02/18/2022,654.25,125510,648.5,658,647
02/17/2022,650,95318,645.5,652,642.75
02/16/2022,647,94712,637.75,647.75,636.25
02/15/2022,638,158499,655,655.5,635.5
02/14/2022,655.75,127390,651.25,656.75,642.5
02/11/2022,651,204452,641,657.75,637.75
02/10/2022,641.75,335025,646,662.75,638.75
02/09/2022,646.75,284504,632.25,647.75,630.5
02/08/2022,632.25,168812,636.5,636.75,627.25
02/07/2022,635.25,199426,628.75,636.75,624.75
02/04/2022,620.5,161305,618.5,623.25,613.25
02/03/2022,616.75,193890,622.5,624.25,610.25
02/02/2022,622.5,250066,634.5,640.75,616.75
02/01/2022,634.75,167602,626,639.5,624.5
01/31/2022,626,218603,635.75,642.5,622.5
01/28/2022,636,171303,623.25,637.25,623
01/27/2022,625.25,135959,625,627.75,621.25
01/26/2022,627,156745,619,627.75,615
01/25/2022,620,282319,620,631,618.5
01/24/2022,621,176536,617.5,621.5,609.25
01/21/2022,616.25,174099,607.5,618.5,604.25
01/20/2022,611,114595,609,614.25,606.25
01/19/2022,610.5,162521,600,614.5,600
01/18/2022,599.5,123094,592.75,600.75,588.25
01/14/2022,596.25,128306,587.5,598.25,585.25
01/13/2022,587.5,165715,599,599.75,585.25
01/12/2022,599,166118,601,604,591
01/11/2022,601,111669,599.75,604.75,598
01/10/2022,599.75,118207,605.25,608,596.25
01/07/2022,606.75,120756,605.25,608.25,599
01/06/2022,603.75,123495,601.25,605.75,596
01/05/2022,602.25,121982,608.5,609.75,601.25
01/04/2022,609.5,189288,591.75,611.25,591.5
01/03/2022,589.25,131545,599,603.5,584.75
12/31/2021,593.25,61810,595.75,599.25,592.5
12/30/2021,596,111580,605.5,606,592.75
12/29/2021,605.5,105646,604,610.75,599.5
12/28/2021,604.75,114139,614.25,617.75,603.75
12/27/2021,614.75,112950,608.25,615.5,607
12/23/2021,605.75,95392,601.5,607,600.5
12/22/2021,602.5,143221,597.5,606.75,597
12/21/2021,598.25,104008,591,599,589.5
12/20/2021,591,93330,595,595.75,587
12/17/2021,593.25,114498,591,598.75,589.25
12/16/2021,591.25,89453,587.5,592,584.5
12/15/2021,585.75,127682,590,596.5,582
12/14/2021,588.75,115,583.25,591,576.75
12/13/2021,584.25,927,587.5,588,580.75
12/10/2021,588.5,862,588.5,592,585
12/09/2021,588.5,2082,585.75,591.25,576.75
12/08/2021,584.75,2372,585,589,584
12/07/2021,586.25,1885,584,589.5,579.5
12/06/2021,583.5,2117,586,586,578
12/03/2021,586,3342,576.25,588.75,576.25
12/02/2021,577,6025,571.25,583,570
12/01/2021,572,6059,568,576,567
11/30/2021,567,23972,581,582,562
11/29/2021,581,131976,586,588.25,576.5
11/26/2021,586.75,147030,571.5,588,566.75
11/24/2021,579.75,219251,580.25,589,575.5
11/23/2021,580.5,137313,576.25,581,572.5
11/22/2021,576.75,137021,570.5,579,569.75
11/19/2021,570.75,103872,573,576,568
11/18/2021,573,143428,575,583,572
11/17/2021,575.25,163150,570.75,584,570
11/16/2021,571,121436,576,577.5,570
11/15/2021,576.5,111883,576.25,578.75,569.75
11/12/2021,577.25,148512,569.25,582,566.75
11/11/2021,569.5,226355,567.75,579,566
11/10/2021,569.25,168699,555.5,571.75,555
11/09/2021,554.75,210256,551,564,547.75
11/08/2021,551.5,130174,552,554.75,549.5
11/05/2021,553,162760,560,562.75,552.25
11/04/2021,559.25,132388,563.75,569.75,556.5
11/03/2021,564,133940,572,573.25,563
11/02/2021,573,160418,578.25,586,572
11/01/2021,579,177181,568,582,565.25
10/29/2021,568.25,121183,562.5,569.25,558.75
10/28/2021,562.75,147522,556.5,568.75,554
10/27/2021,557.25,216908,542.5,563.25,539.5
10/26/2021,543.5,133888,538,547.25,533
10/25/2021,538,90174,537,542,535
10/22/2021,538,97797,533,540,532
10/21/2021,532.25,109241,539,540,530.75
10/20/2021,539.25,117556,530,540,528.5
10/19/2021,530.25,105640,532,537,529.5
10/18/2021,532.75,104053,525.75,533.75,523
10/15/2021,525.75,119675,516.25,528.5,514.25
10/14/2021,516.75,127448,512.25,518.25,511
10/13/2021,512.25,186791,523,525.25,506.75
10/12/2021,522.5,180540,532.75,533,519.25
10/11/2021,533,87677,530,534,528.75
10/08/2021,530.5,85355,533.25,538.75,530
10/07/2021,534,94209,532.75,535.25,527.5
10/06/2021,532.25,114303,537,544.75,531.5
10/05/2021,537.5,104951,540,543,535.25
10/04/2021,540.75,107676,540,547.5,536
10/01/2021,541.5,125141,536.75,545.25,532
09/30/2021,536.75,203632,539,548.5,527.25
09/29/2021,539,95738,533.5,541,533.5
09/28/2021,532.5,111639,538.75,541.75,532
09/27/2021,539.5,127990,524.75,540,524
09/24/2021,526.75,82426,528.5,528.75,524
09/23/2021,529.25,86714,524.5,531,520.25
09/22/2021,525.5,100121,517,526.25,516
09/21/2021,517,106213,522,522.75,512.75
09/20/2021,521.75,115301,527,527,515.25
09/17/2021,527.25,100824,529,530.5,521.75
09/16/2021,529.5,106123,533.5,537.5,528
09/15/2021,533.5,141796,520.75,534.5,520.5
09/14/2021,503,81,497,502.25,497
09/13/2021,496.75,313,503.5,503.5,493
09/10/2021,502.75,370,499,505,487.75
09/09/2021,496,164,498.5,500,494.5
09/08/2021,498.25,451,497.5,504,495
09/07/2021,495.75,734,509,509,496
09/03/2021,508,923,516.75,518.25,506.75
09/02/2021,516.25,1253,515.5,521,510
09/01/2021,515.5,4795,534,535,514.25
08/31/2021,534,7312,540,542,524
08/30/2021,540.25,68102,557.25,560,531.5
08/27/2021,558,91626,553,558.75,548.75
08/26/2021,552.75,56597,550,555.75,548
08/25/2021,551.25,58998,544.5,555,541.25
08/24/2021,544.5,65412,539.5,546.5,537
08/23/2021,538,39713,536,544.25,531.5
08/20/2021,538.75,72334,550.25,554.25,533.25
08/19/2021,550,75363,560.5,560.5,546.75
08/18/2021,561.75,48653,559,563.5,556.5
08/17/2021,558.25,58652,567.5,569.5,556.25
08/16/2021,564.75,49898,568.25,572,561
08/13/2021,568.25,89700,566.75,575,559
08/12/2021,567,216892,554.75,589.5,548.5
08/11/2021,556.25,157039,548.75,558.5,548.25
08/10/2021,549.25,111816,548.5,550.25,544
08/09/2021,550.25,120433,554,556,547
08/06/2021,555,120286,555,560.5,548.75
08/05/2021,555.75,86532,546.75,560.75,545.75
08/04/2021,545.75,59954,550.5,555.25,540.25
08/03/2021,550.5,82773,555.75,563.5,546.75
08/02/2021,558.75,73168,547.25,559.25,540.25
07/30/2021,547,53491,557,557.75,546.5
07/29/2021,558,62510,549.25,559,546.5
07/28/2021,549.25,55042,554,554.25,545
07/27/2021,548.75,58841,554,564,544.25
07/26/2021,549.75,60844,549.25,551.25,536.75
07/23/2021,547.25,68337,564.75,569.25,544.5
07/22/2021,564.5,73341,571.5,571.75,555
07/21/2021,571.25,72291,572,579,567.75
07/20/2021,571.75,67881,558,576.25,557.25
07/19/2021,556,58870,570,571.5,548.75
07/16/2021,556,73858,564,570.5,553.25
07/15/2021,564.25,60953,568.5,571.5,561
07/14/2021,683,26,682,687,682
07/13/2021,677,329,669.5,750.5,664
07/12/2021,669.25,426,629.75,666,619.5
07/09/2021,629.75,530,640.75,643.5,620
07/08/2021,638,475,657.5,659.5,636
07/07/2021,652.5,571,656,666,645
07/06/2021,656,1707,685.25,685.25,645.5
07/02/2021,697.25,3783,720,727,683
07/01/2021,719.75,3840,719.75,744.5,712.25
06/30/2021,720,15708,694,743.25,675.5
06/29/2021,694.5,51140,678.25,700,668
06/28/2021,675.25,64989,637.75,676.5,636.75
06/25/2021,636.5,92335,653.25,659.5,634
06/24/2021,653.25,118774,664,664,650.75
06/23/2021,664.25,92037,660.5,666.25,659.25
06/22/2021,659.75,109273,662.75,668,653.75
06/21/2021,659.25,102806,640.25,665,636
06/18/2021,655.25,164283,631,663.5,629.5
06/17/2021,633,168507,672.75,674.25,633
06/16/2021,673,147295,670,687.75,663.75
06/15/2021,667.5,150873,662.75,668.5,646.75
06/14/2021,659.25,140394,675.75,676.25,653
06/11/2021,684.5,194860,699.5,686.75,675
06/10/2021,699,224289,691,717.5,687.75
06/09/2021,690.75,180510,682.5,695.5,669.5
06/08/2021,680,195437,682,698,677.5
06/07/2021,679.25,223865,688.5,690,674.5
06/04/2021,682.75,128748,663.5,685.75,660.75
06/03/2021,662,145899,675.5,685,652.75
06/02/2021,675,142889,683.25,694.25,666
06/01/2021,688.75,145419,666,696.75,660.75
05/28/2021,656.75,134039,657,659,651.25
05/27/2021,664.5,147969,664.5,664.5,664.5
05/26/2021,624.5,168620,621,629,602.75
05/25/2021,620.25,191164,620.25,621.25,617.25
05/24/2021,657.25,94900,652.25,658.5,645.5
05/21/2021,659.5,99314,664.75,666.75,653.5
05/20/2021,664.5,109216,662.25,671.25,656.5
05/19/2021,661,127086,660.5,663,637
05/18/2021,658.25,141189,653.5,669.5,652.5
05/17/2021,652.5,165777,642.25,656.75,633
05/14/2021,685,28,717.25,718.75,685
05/13/2021,719,307,757.5,729,729
05/12/2021,757.5,328,764.25,769.25,750
05/11/2021,759.5,382,747.25,770.5,756.5
05/10/2021,748,682,766.75,765,744.75
05/07/2021,772.75,504,763.25,775,755
05/06/2021,759.5,1759,761,761.75,756.75
05/05/2021,753.25,1520,750,756,740.75
05/04/2021,744.75,1667,750,751,743.75
05/03/2021,732.25,2960,740,758.25,724
04/30/2021,740,8650,702.5,746.25,699.25
04/29/2021,702,26930,683.75,704.5,681
04/28/2021,686.25,84371,697.75,720.5,676.25
04/27/2021,695.5,140539,688.5,720.5,680.5
04/26/2021,680.5,122800,661,680.5,661
04/23/2021,655.5,126115,653,658.5,638.25
04/22/2021,650.5,124204,650.5,650.5,650.5
04/21/2021,625.5,141802,609.5,628.5,604.5
04/20/2021,606.5,147648,593,611.75,592.75
04/19/2021,592,85660,588.75,596.75,588.25
04/16/2021,585.5,155290,590.5,594.75,583.25
04/15/2021,590,160311,590,590.25,589.75
04/14/2021,594,204036,579.75,597.75,578.75
04/13/2021,580,194793,569,584.5,565.5
04/12/2021,569,171367,577.75,586,567.25
04/09/2021,577.25,215954,584,595,575.5
04/08/2021,579.75,227161,560.75,583,559.25
04/07/2021,560.5,130003,555.75,562.25,553.75
04/06/2021,554.25,106840,553.75,561.5,552.25
04/05/2021,553.25,121974,561.25,564.5,549.75
04/01/2021,559.75,229186,575,585,556.5
03/31/2021,564.25,126787,538.25,564.25,536.25
03/30/2021,539.25,115093,546.25,547.5,533.75
03/29/2021,546.75,103895,551.75,552,542.25
03/26/2021,552.5,110577,546.5,554,544
03/25/2021,546.5,129615,552.25,552.5,541.5
03/24/2021,553.25,79201,551,553.75,548.25
03/23/2021,551.25,104331,551.25,556,547.75
03/22/2021,549,119446,558,558.75,546.75
03/19/2021,557.75,133109,546.25,559,545.5
03/18/2021,546.5,29057,549.75,551.25,545.25
03/17/2021,558,117738,554,558.5,552
03/16/2021,554.25,123291,549.5,555.5,546.75
03/15/2021,549.5,129474,537,550.75,532.75
03/12/2021,549.25,66,545,551.5,544.5
03/11/2021,555,672,547,556.25,547.5
03/10/2021,547.75,1854,549,552.5,547.5
03/09/2021,562,2036,565,565,554.25
03/08/2021,565,1924,565.25,571.25,557
03/05/2021,562,1353,545,564.75,544.5
03/04/2021,546.25,2074,550.25,550,546
03/03/2021,550.25,3357,560,554.25,548
03/02/2021,560.75,7162,563,564,560
03/01/2021,547.5,6415,547.25,547.75,547
02/26/2021,555.5,19561,554.5,556.5,546.25
02/25/2021,554.75,117962,559,560.5,542.5
02/24/2021,559.25,146580,553.5,560.75,552
02/23/2021,553.75,101965,550.75,559.5,550
02/22/2021,551,97501,544.25,551.5,543.5
02/19/2021,542.75,164987,549.25,555.5,540.75
02/18/2021,550.25,109236,552.75,554.5,548
02/17/2021,553,107406,552,554.75,547.5
02/16/2021,552.25,124722,547,552.75,538.5
02/12/2021,538.75,100156,541,546.25,536.75
02/11/2021,541,239516,532.25,546.5,524.75
02/10/2021,534.5,257777,556,556.25,531.75
02/09/2021,556.25,358876,565,574.25,545
02/08/2021,563.75,238084,548.75,565.75,548.75
02/05/2021,548.5,190494,548.5,552.25,545.5
02/04/2021,550,201901,548.75,552.75,548
02/03/2021,552,195048,547,552.5,546.5
02/02/2021,543,157481,549.75,552.5,540.25
02/01/2021,549.25,202570,549,555.75,539
01/29/2021,547,261505,534.5,553.75,533.25
01/28/2021,534.5,234481,533.25,550.5,529
01/27/2021,534,205902,532.5,543.75,529.5
01/26/2021,532.25,209921,513,534.25,508
01/25/2021,511.5,246607,500,515.5,492.5
01/22/2021,500.5,260481,522.5,522.75,499.25
01/21/2021,524.25,154250,521,531.5,519.25
01/20/2021,522,199012,525,526.5,512.75
01/19/2021,526,170517,531.5,534.25,523.25
01/15/2021,531.5,153466,534,536.5,527.75
01/14/2021,534.25,188296,523,536.5,519
01/13/2021,524.5,299693,524,541.5,522.25
01/12/2021,517.25,231497,491.5,517.25,489.25
01/11/2021,492.25,156186,496.5,500.5,490.25
01/08/2021,496.25,147629,494,499.5,492.5
01/07/2021,494,165553,495,496,487.25
01/06/2021,495,180043,492.5,502.75,491.5
01/05/2021,491.75,196035,484.5,496,482.5
01/04/2021,483.75,244101,487.25,497.75,479.5
12/31/2020,484,152655,474,485.75,473
12/30/2020,474.5,143246,466,476,462
12/29/2020,466,171561,455.75,467.25,453.5
12/28/2020,456.5,132767,454.5,457.5,454
12/24/2020,451,68645,446.75,451.5,446.5
12/23/2020,447.25,134321,442.75,449.75,441.5
12/22/2020,443.5,129244,440,444.25,437.25
12/21/2020,440,129575,438,440.75,430.25
12/18/2020,437.5,113968,432.25,438.5,432
12/17/2020,432.5,104052,426.25,433,424.25
12/16/2020,427.25,98704,425.25,429.25,423.75
12/15/2020,424.75,86310,424,425.25,420.5
12/14/2020,419.25,200,424.75,429.75,422
12/11/2020,424.25,1724,422,424.5,417.5
12/10/2020,420.25,1262,422,425.75,420
12/09/2020,422,1079,418,422.25,418
12/08/2020,417,1757,418.75,419,415.5
12/07/2020,419.5,1156,419.5,421,419
12/04/2020,417,1675,422.25,422.75,415.75
12/03/2020,422.5,2379,419.25,423.25,417.75
12/02/2020,419,3459,414.5,419.75,409
12/01/2020,414.75,5136,420,423,414
11/30/2020,419.75,14492,427.5,430.5,418.25
11/27/2020,425.5,67235,420.25,426.25,418.5
11/25/2020,420,114946,426,427.5,420
11/24/2020,425.75,118929,425.75,426.5,416.5
11/23/2020,426.5,122703,427.5,429.75,423.5
11/20/2020,423.25,118399,422.25,428,421.5
11/19/2020,422.5,116757,424.5,425.5,418.75
11/18/2020,425.75,167384,419,428.5,418.5
11/17/2020,420.25,141630,417.5,422,417.25
11/16/2020,416.25,112417,409,416.75,409
11/13/2020,410.5,173225,410.75,411.5,409
11/12/2020,408.25,201050,417.25,418.5,406.25
11/11/2020,417.25,275380,422.5,428,416.25
11/10/2020,423,324397,407,427.25,406.25
11/09/2020,407.5,171167,405.75,410,401.75
11/06/2020,406.75,174256,409,412,405.75
11/05/2020,409.25,224154,416,417,408
11/04/2020,405.25,162947,401.25,406,401
11/03/2020,401,166641,396.25,403.25,395.25
11/02/2020,397.5,149397,396.5,396.75,396
10/30/2020,397.5,182694,397.25,400,394.25
10/29/2020,398.5,260553,401,404.25,393
10/28/2020,401.5,298407,401.25,402,400.5
10/27/2020,416,187944,416.75,422.25,415.5
10/26/2020,417.75,186684,419.25,419.75,412.75
10/23/2020,419.25,154080,415,420,414
10/22/2020,416.25,183511,413.75,419,410.75
10/21/2020,413.75,206218,413.5,415.25,413
10/20/2020,408.75,165396,404.25,409.75,403.5
10/19/2020,405.25,151226,401.75,406.75,400.75
10/16/2020,402,207141,403.25,409,401.75
10/15/2020,403.75,230584,396,404.25,393.5
10/14/2020,396.5,171799,391,397.5,388
10/13/2020,391.25,113659,389,392.75,388
10/12/2020,389,179635,395.5,399.25,387.25
10/09/2020,395,263348,395.75,397,392.75
10/08/2020,387,185365,389,394.5,386.5
10/07/2020,388.75,168605,384.5,392,384
10/06/2020,385,193542,385.5,385.5,384
10/05/2020,379.5,104653,378.75,382.5,377.25
10/02/2020,379.75,150660,381.5,383.25,377.25
10/01/2020,382.75,203850,379,385.5,378
09/30/2020,379,321598,364.25,382.75,362
09/29/2020,364.75,126942,366.75,367.75,361
09/28/2020,366.75,148107,364.25,369.75,360.5
09/25/2020,365.25,115709,363.25,367.5,363
09/24/2020,363.5,140714,368,368.25,363
09/23/2020,368.5,109359,368.25,370.25,365.75
09/22/2020,369.25,145228,369.75,373.25,365.75
09/21/2020,369.75,192761,377.5,378.25,368.25
09/18/2020,378.5,179898,374.25,379.25,373.25
09/17/2020,375.25,222727,371.5,377.25,368
09/16/2020,371.75,146069,365.5,372,361.75
09/15/2020,366,121745,369,369.5,365.25
09/14/2020,357.5,219,366.75,366.75,359
09/11/2020,365,675,355.5,366,355.5
09/10/2020,357.25,665,349.75,357.75,349.75
09/09/2020,350,112,349.75,351.25,348.5
09/08/2020,351,874,348,353,346
09/04/2020,347.25,1680,345.75,347.75,343.5
09/03/2020,344.5,1449,349.75,350,343.75
09/02/2020,349.75,2095,349.25,350.5,345.25
09/01/2020,349.5,3252,347.75,350,343.25
08/31/2020,348.5,10385,348.75,353,346
08/28/2020,346,88847,343.25,347.75,340.75
08/27/2020,344.25,112942,340,344.75,339
08/26/2020,340.5,78360,340.25,341.25,337.25
08/25/2020,340.75,127534,335,341.5,334.75
08/24/2020,331.75,101259,328,332.5,327.5
08/21/2020,327,106010,324.75,327.75,324.25
08/20/2020,324.5,79623,324.25,325.75,320.75
08/19/2020,325,71092,326,327.25,323.5
08/18/2020,327,114462,330,332,325.75
08/17/2020,331,94419,327,331,326.5
08/14/2020,324.5,143264,324.5,325.25,321.5
08/13/2020,325.25,294763,315,327.5,314.75
08/12/2020,314.5,186132,311.25,315,308
08/11/2020,311.5,150247,311.25,315,310.25
08/10/2020,310.5,141816,307.5,311.75,307.5
08/07/2020,307.75,103672,311,311.75,307.25
08/06/2020,311.25,93319,310.5,312.75,309.5
08/05/2020,311,85685,309,311.25,309
08/04/2020,308.25,144437,316.5,316.75,308.25
08/03/2020,317.5,67901,315,318.25,315
07/31/2020,316,64381,315.75,317.5,314.5
07/30/2020,315.75,104818,315.5,319.25,315.25
07/29/2020,315.5,118641,320,321.5,315.25
07/28/2020,320,96543,323,323.5,320
07/27/2020,325,83374,325,327.5,323.25
07/24/2020,326.25,133642,328,329.75,325.5
07/23/2020,328,80743,327.25,329.5,325
07/22/2020,327.5,111335,323,328,322.25
07/21/2020,322.75,121005,327.75,327.75,322
07/20/2020,328.25,96353,333,333.5,326
07/17/2020,333,72901,330.25,334.75,330.25
07/16/2020,330.25,90784,326,333.25,326
07/15/2020,326.25,88589,326,328.75,322.75
07/14/2020,334.75,152,334,336.5,324.5
07/13/2020,334,437,335.25,337.25,332
07/10/2020,340.5,796,350.25,352,340
07/09/2020,351.25,495,349,356.5,348.25
07/08/2020,348.25,352,343.5,348.5,341
07/07/2020,345,1273,347.5,347.5,341.75
07/06/2020,346.5,2028,348.5,349,345.25
07/02/2020,342.5,2346,347.5,350.25,342.25
07/01/2020,348.25,4190,338.5,351.25,337.5
06/30/2020,338.5,20540,325.25,342,323.75
06/29/2020,326.25,144934,323,326.5,322.75
06/26/2020,317,194086,319,319.75,313.5
06/25/2020,317.25,171012,323.5,324.25,315
06/24/2020,324.25,153441,324.5,329,323.75
06/23/2020,325,158872,327.5,327.5,321.25
06/22/2020,328.25,111277,332,332.25,328
06/19/2020,332.5,153337,329.75,333.75,327.5
06/18/2020,331,184725,329.75,333.75,328.75
06/17/2020,330.25,203074,328,331.25,325
06/16/2020,329,211857,331.75,334.5,328
06/15/2020,329.25,158853,329.25,330,325.5
06/12/2020,330,219907,329.5,333,328.25
06/11/2020,329.75,242444,326,331,325.25
06/10/2020,326.25,211578,327.25,328,324.25
06/09/2020,327.5,225243,332.25,334,326.75
06/08/2020,333.75,177801,333.5,334.75,331
06/05/2020,331.25,191222,328.75,332.5,328.25
06/04/2020,329,138984,324.25,329.5,324
06/03/2020,324,114178,324.25,324.5,321.25
06/02/2020,324.25,117927,323.5,325.25,322
06/01/2020,323.25,135430,325.5,327.75,319.25
05/29/2020,325.75,170657,327.5,329.5,323.25
05/28/2020,327.5,225308,320.25,330.75,319.5
05/27/2020,320.5,63042,320,321.75,319.25
05/26/2020,319,132427,316.75,323,316.5
05/22/2020,318,86246,317.75,319,316
05/21/2020,317.75,104099,319,320.25,316.25
05/20/2020,319.5,138700,321.25,321.5,317.25
05/19/2020,321.25,116289,320.75,325.5,320.5
05/18/2020,320.75,87593,320,322,318
05/15/2020,319.25,91454,317.75,320.5,316.75
05/14/2020,321.25,62,321.25,321.25,321.25
05/13/2020,320.25,91,323.5,323.5,320
05/12/2020,323.75,274,318.75,324.5,312.75
05/11/2020,318.5,333,320,322.25,318
05/08/2020,319,1065,317.75,321.75,317.5
05/07/2020,316,1076,313.5,318,313.25
05/06/2020,311.75,522,315,315,311
05/05/2020,313,856,310.5,314.75,310.5
05/04/2020,310.75,2442,309.5,310,305.5
05/01/2020,310.75,3512,311,311.5,308
04/30/2020,311.5,10307,305.25,313,303.5
04/29/2020,304.5,118906,302.75,308.75,300.25
04/28/2020,302.75,126271,305,308.5,301.25
04/27/2020,305.5,88023,315,315.75,304.25
04/24/2020,315.75,95097,319.25,320.75,312
04/23/2020,319.25,120724,317,323.5,315
04/22/2020,317.5,118649,310,320.25,308.25
04/21/2020,309.25,162602,314.25,316.25,301
04/20/2020,314.25,130021,322.5,323.25,313.5
04/17/2020,322.25,85312,319.75,325.5,319.5
04/16/2020,319.75,118287,318.75,323,317.75
04/15/2020,319.25,140829,326,326.75,317.5
04/14/2020,326,170899,331.25,332,325.75
04/13/2020,331.5,113422,332.25,334,326.5
04/09/2020,331.75,149687,330.75,333.5,328
04/08/2020,330,131551,332,334,328.25
04/07/2020,331.5,135987,328,335.5,328
04/06/2020,327.75,95376,329.75,331.75,325.5
04/03/2020,330.75,147431,334.5,338.5,328
04/02/2020,333.5,135548,335,343.25,333
04/01/2020,334.75,139005,341.25,342.75,333.5
03/31/2020,340.75,192229,341.75,344.75,333.5
03/30/2020,341.25,92080,343,346.75,340
03/27/2020,346,102199,348.5,350,342.5
03/26/2020,348.75,103100,348.25,349.25,343.75
03/25/2020,348.5,107365,347.5,352.75,345.75
03/24/2020,347.25,117573,343.5,350.5,338
03/23/2020,343.5,104834,340.25,345.5,338.25
03/20/2020,343.75,175220,346.5,356.75,342.25
03/19/2020,345.5,210654,336.5,354.75,336.5
03/18/2020,335.25,229884,344,345.25,332
03/17/2020,344,204696,355.25,356.75,342.75
03/16/2020,354.75,170520,362.5,367.75,354
03/13/2020,370.75,118,370,375.5,370
03/12/2020,369.75,342,377.5,377.5,367
03/11/2020,379.25,722,380.25,380.5,377
03/10/2020,380,495,379,381.5,377.5
03/09/2020,374.25,688,372,377.5,368.5
03/06/2020,377.25,1233,383.75,385.5,377
03/05/2020,384.5,1763,385.5,385.75,382
03/04/2020,387,3055,382,388.5,380
03/03/2020,381.75,3194,375.75,383.75,375.75
03/02/2020,374.75,5926,370.75,375.75,372.5
02/28/2020,366.5,17973,364.5,367.25,362.75
02/27/2020,364.5,151508,368.75,370,361.75
02/26/2020,370.5,250650,372,374,368.25
02/25/2020,372.5,97266,373,374.75,371.25
02/24/2020,372.25,139812,376.25,376.25,370
02/21/2020,377,145754,378.25,380.5,376.25
02/20/2020,378.5,153934,380.25,380.25,378.25
02/19/2020,380.5,133149,382.25,382.75,378.5
02/18/2020,383,194910,378.5,383.25,378
02/14/2020,377.75,203519,379.5,381.5,376.25
02/13/2020,379.5,185648,382.25,382.75,379
02/12/2020,383,222274,379.75,383.75,378.25
02/11/2020,379.75,181378,381,382,378
02/10/2020,381.75,199573,383.25,383.5,379
02/07/2020,383.5,235786,380.25,385,380
02/06/2020,379.25,173790,380.25,381.75,376
02/05/2020,380.75,108750,381.5,383.25,379.5
02/04/2020,382.25,160592,378.25,383.5,378.25
02/03/2020,378.75,189673,380.5,382,376.5
01/31/2020,381.25,136103,381.5,382.75,379.75
01/30/2020,379.5,144240,384.5,385,378.5
01/29/2020,384.25,121289,385.5,388.25,382.75
01/28/2020,386.5,224825,382.5,387,378.5
01/27/2020,380.5,242410,384.25,384.75,377.25
01/24/2020,387.25,184087,393.25,393.25,386.5
01/23/2020,393.75,244067,388.5,394,387.5
01/22/2020,388.75,142431,387.5,391,386.75
01/21/2020,387.5,168620,389,389.25,384.25
01/17/2020,389.25,275953,377,389.5,376.75
01/16/2020,375.5,213486,387.25,387.75,375.25
01/15/2020,387.5,129405,388.75,390.25,386.5
01/14/2020,389,101032,389.25,390.5,388.25
01/13/2020,389.5,123587,388.5,389.5,388.25
01/10/2020,385.75,206470,383.25,386.75,376.5
01/09/2020,383.25,114754,383.75,387,382.25
01/08/2020,384.25,117017,384,385.5,382.25
01/07/2020,384.5,81838,385,385.75,383.5
01/06/2020,384.75,97994,385.25,385.75,384.5
01/03/2020,386.5,112048,391.5,392,385.5
01/02/2020,391.5,92345,387.75,392,387.25
12/31/2019,387.75,72989,388.25,389.75,386.25
12/30/2019,388.25,107198,389.25,392,386.75
12/27/2019,390,73843,388,391,388
12/26/2019,388.5,42713,388,389,386.5
12/24/2019,387.5,44328,388.5,389,387
12/23/2019,388.75,71412,388,390.25,387.25
12/20/2019,387.75,68692,386.5,389.5,386
12/19/2019,386.5,84372,387,389,385
12/18/2019,387,114382,389.25,390,385.75
12/17/2019,390,105079,389.5,389.75,389.25
12/16/2019,388,164623,383.5,389.5,383.25
12/13/2019,366.25,88,373.75,374.5,366.25
12/12/2019,367,664,358.25,368.75,358.25
12/11/2019,357.75,259,363,363,357
12/10/2019,363.25,888,365.75,367,362.5
12/09/2019,365.75,639,366.5,368,365
12/06/2019,366.5,960,366.25,367.25,364.75
12/05/2019,365.5,3029,368.5,369.75,365.25
12/04/2019,368.75,2978,371.75,373.5,367.75
12/03/2019,372,4939,373.75,376,371.5
12/02/2019,373.5,6189,374.5,375.5,371.5
11/29/2019,371.25,15409,365.75,372.25,365
11/27/2019,362.75,157745,367.25,368.75,362.25
11/26/2019,367.5,182344,369.75,370.5,367
11/25/2019,370.5,171835,368.75,372.75,368.25
11/22/2019,368.75,188613,368,370.25,367.5
11/21/2019,368.5,131462,366.75,369.75,366.25
11/20/2019,366.75,274150,366,367.5,365.75
11/19/2019,370,185640,367.75,373,367.75
11/18/2019,367.75,182872,371,371.75,367.5
11/15/2019,371.25,126643,375.5,376.5,370.75
11/14/2019,375.75,131876,375.25,377.5,374.5
11/13/2019,375.25,178444,377,377.75,375
11/12/2019,377.75,203568,373.5,378,372.75
11/11/2019,373.25,186700,376,377,372.5
11/08/2019,377.25,316923,375.25,383.75,372.5
11/07/2019,375.25,194440,379.25,380,373.75
11/06/2019,378.75,170438,382.25,382.5,377.5
11/05/2019,381.75,140692,383.25,384.75,380.5
11/04/2019,383.25,131680,386.75,387.75,383
11/01/2019,389.25,133939,389.25,391.75,386.25
10/31/2019,390,158617,385.75,390.25,385
10/30/2019,390.75,154228,385.75,391.25,385.25
10/29/2019,386.25,138455,383.5,387.5,382
10/28/2019,384,107548,386,386.5,383.25
10/25/2019,387.75,116327,387,390,385.75
10/24/2019,386.75,116746,388.5,390.75,385.25
10/23/2019,387.75,107450,387.75,389.5,384
10/22/2019,388,123774,387,392.5,385
10/21/2019,387.25,134607,390,393.75,386.5
10/18/2019,391,110414,394,395.75,389.75
10/17/2019,394.75,131217,391.75,397.25,391.5
10/16/2019,391.75,129168,392,392.75,387.5
10/15/2019,393.25,129870,397,398.5,392.5
10/14/2019,397.25,160479,401.25,402.5,393.25
10/11/2019,397.75,253205,380.75,398.75,380.5
10/10/2019,380.25,281182,392.75,395,378.25
10/09/2019,394.25,128661,395.5,397.25,393
10/08/2019,395.75,182677,387.5,396.5,386
10/07/2019,387,88611,387.5,387.75,385
10/04/2019,384.75,103288,388,389,383.75
10/03/2019,388.75,114769,387,390.75,385.5
10/02/2019,387.75,142335,390.5,391.75,385.5
10/01/2019,392.5,208306,386.75,392.75,385.25
09/30/2019,388,315024,372,388.25,371.5
09/27/2019,371.5,81035,371.25,373,369.75
09/26/2019,372.5,159873,373.5,375.75,368.25
09/25/2019,374.25,108226,375.25,377.5,372.25
09/24/2019,374.75,133529,372,376,370.25
09/23/2019,373.25,86684,371.25,374.5,371
09/20/2019,370.75,117457,372.75,374.5,369.5
09/19/2019,372.75,108595,371.5,373.75,369.5
09/18/2019,371.25,118261,367.75,372,365.75
09/17/2019,368,141161,370.25,371.25,366
09/16/2019,374,121939,372,374.75,367.5
09/13/2019,355.5,122,358.5,358.5,358.5
09/12/2019,354.5,152,349.75,353.75,349.5
09/11/2019,348.25,328,349.75,349.75,344.75
09/10/2019,348.5,314,344,349.5,344
09/09/2019,340.75,917,343.25,343.25,340
09/06/2019,342.5,1357,347.5,348.25,341.5
09/05/2019,346.5,1813,346.5,349.5,346.5
09/04/2019,346,3844,350.5,351,344.5
09/03/2019,349.75,5085,358.75,359,349
08/30/2019,357,10502,359.75,364.5,356.75
08/29/2019,359.75,118185,363,369,357.5
08/28/2019,362.75,159024,357.25,365.5,355.25
08/27/2019,357,105885,359,360,356.75
08/26/2019,358.5,94376,358,362,357
08/23/2019,359.75,152021,362.75,363,357.5
08/22/2019,363.25,87996,363,366.5,359
08/21/2019,362.5,111053,360,364,357
08/20/2019,359.5,73977,366.5,370.25,359.25
08/19/2019,365,62273,367.25,368.25,363.25
08/16/2019,371,89062,361.5,371.25,361.25
08/15/2019,360.75,83442,360.25,363.75,358.25
08/14/2019,359,167197,366.25,370.5,358.5
08/13/2019,366,280890,379,379,365.5
08/12/2019,385.25,217576,409.75,410,385.25
08/09/2019,410.25,167674,410.75,417,407.25
08/08/2019,411,158905,407.25,412,405.5
08/07/2019,406.5,137557,404.75,407.5,400.5
08/06/2019,404,98646,405.75,408,400.75
08/05/2019,405.25,91539,400,406.75,391
08/02/2019,399.5,74140,394.75,400,393.5
08/01/2019,392.75,129681,401.75,403,387.25
07/31/2019,400.25,135075,410.75,413.75,400
07/30/2019,411.25,67958,417,417,410.25
07/29/2019,417,78366,413.25,419.5,412
07/26/2019,414.5,101738,418.25,419.5,413
07/25/2019,418.5,160329,424,425.75,418
07/24/2019,424,81612,425,430.5,421.5
07/23/2019,425.5,118411,423.75,426.5,418.25
07/22/2019,422.25,98856,430.75,432.25,421
07/19/2019,430.75,103643,425.5,434,423.75
07/18/2019,424.5,138181,435,436,423.25
07/17/2019,436,115173,435.25,441.5,431.5
07/16/2019,435.25,132119,437.75,440.75,429
07/15/2019,441,150371,459.25,460,439.75
07/12/2019,454.25,268,447.75,457,447.75
07/11/2019,447.75,597,433.25,448,433.25
07/10/2019,434.25,494,430,434.75,428
07/09/2019,431.75,438,437.25,437.75,429.25
07/08/2019,438.5,2083,440.75,442.75,432
07/05/2019,434,2123,433,435.5,427
07/03/2019,433,3471,417,433.75,417
07/02/2019,413.5,6426,412.5,415.5,408.25
07/01/2019,412,13147,424.25,424.75,410.25
06/28/2019,420.25,33438,439,455,411
06/27/2019,440,133703,443,445.5,438.5
06/26/2019,443.25,132380,447,447.25,440.75
06/25/2019,447.5,134070,451,453,446.5
06/24/2019,446.75,146335,442.25,447.75,440.25
06/21/2019,442.25,220486,452,454,441.75
06/20/2019,450,176575,441.5,450.75,436.5
06/19/2019,441,171292,449.75,451.75,438.25
06/18/2019,449.75,199862,455.5,458,442.75
06/17/2019,454.75,261820,458.25,464.25,450.5
06/14/2019,453,290750,442,457.25,441.75
06/13/2019,442,375288,429.75,442.75,429.5
06/12/2019,430,312104,427.75,434.5,424
06/11/2019,427.75,332271,415,430.25,408.25
06/10/2019,415.75,254185,413,416.5,409
06/07/2019,415.75,200060,421,423.5,415
06/06/2019,420.5,258656,414.5,421.5,407
06/05/2019,414.75,213827,424.25,424.75,412.25
06/04/2019,425.25,289299,435,436,421.25
06/03/2019,424.25,272387,426.25,430.75,418.25
05/31/2019,427,281470,435,437.5,423.25
05/30/2019,436.25,304285,416.5,436.75,413.25
05/29/2019,418.75,461440,429.25,438,412.25
05/28/2019,420.25,392579,408,421,407.5
05/24/2019,404.25,285729,390.5,404.75,389.75
05/23/2019,389.75,328675,394,399,387
05/22/2019,394.5,277047,393.25,396.5,386.25
05/21/2019,394.25,431782,393.25,399,391.25
05/20/2019,389,344092,386,391.5,385.75
05/17/2019,383.25,301062,380,384.75,380
05/16/2019,379,235748,368.75,380.75,368.75
05/15/2019,369.5,320023,369,380,368
05/14/2019,360.5,199,354.25,360.75,353.5
05/13/2019,347.5,266,335.5,348.25,335.5
05/10/2019,342.5,308,346.5,346.5,338.25
05/09/2019,344.5,657,350,350,344
05/08/2019,355.25,860,356.5,356.5,353.25
05/07/2019,358,1156,357,359.25,355
05/06/2019,355.75,1710,352.5,356,349
05/03/2019,363,1645,362.25,363.25,360.25
05/02/2019,362,3576,361,362.25,358.5
05/01/2019,360,8030,353.5,360.5,353.5
04/30/2019,353.25,13784,352.25,354,349.25
04/29/2019,352,243299,353.25,356,351.25
04/26/2019,351.25,150231,347.25,353.5,347
04/25/2019,347.5,202983,346,351,342.25
04/24/2019,346.75,204672,351,352.5,345.5
04/23/2019,351.25,162035,354.75,355,350.25
04/22/2019,354.75,124723,359,359,354.25
04/18/2019,358.5,90353,358,359.25,357
04/17/2019,358.25,131584,358.25,360,356.75
04/16/2019,359,167255,362.5,362.5,357.25
04/15/2019,362.75,185325,361.25,364.25,361
04/12/2019,361,81349,360.25,361.5,358.5
04/11/2019,360,238045,361.25,363,358.5
04/10/2019,361.75,225075,360.25,362.75,360
04/09/2019,360,244708,359.75,362.25,355.25
04/08/2019,360,241396,362.25,363.5,359.5
04/05/2019,362.5,247029,364.5,364.75,360.5
04/04/2019,365.25,150793,362.75,366.25,362.75
04/03/2019,362.75,125262,361.25,364.75,360.5
04/02/2019,361.5,106003,362.25,363.5,359.25
04/01/2019,361.75,212852,356.5,363,356.5
03/29/2019,356.5,408672,373.75,375,356
03/28/2019,374,86130,373.75,374.75,372
03/27/2019,373.75,111351,376.75,377,372
03/26/2019,377.25,150035,379.25,380.5,375.5
03/25/2019,379.75,137630,378.75,380.75,376.75
03/22/2019,378.25,209014,375.75,380.75,375.5
03/21/2019,376.25,205943,371,377.5,370.5
03/20/2019,371.5,92601,371.5,372.5,368.75
03/19/2019,371.25,143065,372,373.75,367.75
03/18/2019,371.5,159829,374,375.5,370.25
03/15/2019,373.25,173593,369.25,373.75,369
03/14/2019,361.5,390,360.25,363.25,360
03/13/2019,357.25,317,357.25,359.5,355
03/12/2019,356.5,798,353.25,357.75,352.75
03/11/2019,352.5,1747,357.5,357.5,353
03/08/2019,354.75,2265,357.75,358.25,354
03/07/2019,356,2482,362.25,362.25,355.75
03/06/2019,362.5,2916,366,366,361
03/05/2019,366,4570,366,367.25,364.75
03/04/2019,365,5270,365.25,368,364.5
03/01/2019,364,12340,361.75,364,357.5
02/28/2019,362,23044,363.75,364.75,361.25
02/27/2019,363.75,183007,366,368.25,362.5
02/26/2019,366.25,221891,370.75,371.25,365.5
02/25/2019,370.5,310455,377.75,378.5,370
02/22/2019,375.25,276531,374.75,377.75,374.5
02/21/2019,375.5,222210,371,378.5,370.5
02/20/2019,370.75,260899,371.5,373.5,368.5
02/19/2019,369.75,205198,374.25,376.25,369
02/15/2019,374.75,193053,374.75,376.5,373
02/14/2019,374.75,195327,378.75,379,374
02/13/2019,378.75,216594,377.5,379,376.25
02/12/2019,378.25,266784,373.5,378.75,373
02/11/2019,372.75,283250,374.5,375,371.75
02/08/2019,374.25,318169,376.5,381.75,374
02/07/2019,376.5,235524,379.75,380.25,376.25
02/06/2019,380,134193,380.5,380.75,379
02/05/2019,380.75,157922,379.5,381.25,377
02/04/2019,379.25,126118,377.75,379.75,376.5
02/01/2019,378.25,138188,376.5,380.75,376.5
01/31/2019,376.5,186663,381,381.5,375.75
01/30/2019,381.25,180041,377.75,381.5,377.5
01/29/2019,377.25,171353,379.75,380.75,376
01/28/2019,379.75,89926,379.5,381,378
01/25/2019,380.25,118004,377,380.5,376
01/24/2019,377,113133,378.75,379.75,375.75
01/23/2019,378.75,112205,379.5,381.75,378
01/22/2019,379,191961,380.75,382.25,376.75
01/18/2019,381.75,177446,379.75,383,377.75
01/17/2019,380,195829,374,381.5,373.75
01/16/2019,374,150924,372.75,375,372.5
01/15/2019,371.25,231496,379.5,381,371
01/14/2019,378.5,125951,378.5,381,377
01/11/2019,378.25,111872,377,379.25,376.75
01/10/2019,376.25,165750,381.5,382.75,376
01/09/2019,382,172034,380.5,383.5,380.5
01/08/2019,380,157428,382.5,384.5,379
01/07/2019,382.25,93177,382.25,384,381.75
01/04/2019,383,141421,380,383.5,379.75
01/03/2019,379.75,90578,375.5,380.5,374.75
01/02/2019,375.75,86673,375.25,377.75,374
12/31/2018,375,75393,375.5,377,372.75
12/28/2018,375.5,71792,374.5,377.5,374.5
12/27/2018,374.5,82415,373.25,376.5,373.25
12/26/2018,373.25,82550,378.25,379.25,372.5
12/24/2018,377.75,49264,378.25,379,375.25
12/21/2018,378.5,120135,375.5,379.5,374.75
12/20/2018,375.25,179975,381.75,382.75,375
12/19/2018,381.75,97118,385,385.25,381.5
12/18/2018,385.5,120624,383.75,386.5,383.25
12/17/2018,384,83815,384.25,386,383.25
12/14/2018,376.75,357,378,379,377.5
12/13/2018,375.5,229,375,377.5,374
12/12/2018,376.25,632,375.5,378,375.5
12/11/2018,375,1372,373.75,376.5,372.75
12/10/2018,374.25,1655,374.25,376,372.75
12/07/2018,374,2239,371.75,374.75,371.5
12/06/2018,372,2299,374,374.5,369.25
12/04/2018,374.25,2054,373.5,376,372.5
12/03/2018,371.25,7579,372.75,374,369.5
11/30/2018,366.5,17315,360.75,366.75,360.5
11/29/2018,360.25,178815,360.5,363,359
11/28/2018,360.5,198510,356.25,361.5,356
11/27/2018,356.5,202425,356,358.5,355.5
11/26/2018,356,291950,359.5,360.5,355.25
11/23/2018,359,152290,361,361.75,358.75
11/21/2018,361.75,142827,361.25,363.25,360
11/20/2018,361.25,116351,362.75,363.5,361.25
11/19/2018,362.25,146178,364.75,366.25,361.25
11/16/2018,364.75,163026,367.25,368.75,363.25
11/15/2018,367.5,163558,366.75,371.75,366.5
11/14/2018,367,102585,366,368,365.75
11/13/2018,366.5,154022,369.5,370.75,365.5
11/12/2018,371.25,148528,369,372.5,368
11/09/2018,369.75,181062,372.75,374,368.25
11/08/2018,373.5,402856,372,379,366
11/07/2018,372.25,193852,372.25,373.25,371
11/06/2018,373.25,189010,373.75,374.5,372
11/05/2018,374,170839,371,374.25,369.5
11/02/2018,371.25,228477,366.25,373,365.25
11/01/2018,366.75,287639,363.25,371,363
10/31/2018,363.25,145604,364.75,365.25,362.5
10/30/2018,364.75,119983,366.75,368,364.25
10/29/2018,366.75,123341,368,371.5,365.5
10/26/2018,367.75,196890,361.75,369.75,361.75
10/25/2018,361,244537,367.75,368.25,360.5
10/24/2018,368.25,103535,369.5,369.75,367.75
10/23/2018,370.25,125062,369.25,372.5,368
10/22/2018,369.5,126010,365.5,370.5,365.5
10/19/2018,367,153391,370.5,371,366
10/18/2018,370.75,123059,373,373.25,369.5
10/17/2018,374.25,96401,375,376.25,373.25
10/16/2018,375.25,169779,377.25,377.5,373.5
10/15/2018,378.25,199007,373,378.5,371.75
10/12/2018,373.75,172201,369,374,368.5
10/11/2018,369.25,217401,362,373,360.25
10/10/2018,362.75,108095,364.5,365.25,362
10/09/2018,364.5,101910,366.5,368,363.75
10/08/2018,366.5,110728,368.5,369.5,364.25
10/05/2018,368.25,194070,367.5,369.5,363
10/04/2018,367.5,120370,364.75,368.5,364.75
10/03/2018,364.75,124940,367.75,369,364.5
10/02/2018,367.5,186687,365,369,363.25
10/01/2018,365.75,200126,356.75,366.5,356.5
09/28/2018,356.25,214856,364.5,366.75,354.5
09/27/2018,364.75,98635,363,365.75,361.25
09/26/2018,363,124475,363.5,364.75,361.25
09/25/2018,363.75,172187,360.25,364.25,357.5
09/24/2018,360.5,133943,357.25,362,355.75
09/21/2018,357.25,145144,352.5,357.75,352.25
09/20/2018,352.5,250052,345.25,356.25,344.75
09/19/2018,345.75,136848,343,346.75,343
09/18/2018,343.25,183868,348,348.75,342.5
09/17/2018,348,132646,351,351.75,347.75
09/14/2018,337,57,338.5,338.75,337.5
09/13/2018,336.25,131,344.5,344.5,337
09/12/2018,341.5,407,354.25,354.5,340.5
09/11/2018,355.25,287,357.25,357.25,354.75
09/10/2018,355.5,1251,353.25,356,353
09/07/2018,354.25,692,352.75,355.75,351
09/06/2018,353.5,2159,353.5,354.5,350.75
09/05/2018,351.75,3512,356,356,351
09/04/2018,354.5,4719,351.5,355.25,347.25
08/31/2018,351,16236,341,352,340.75
08/30/2018,341,117068,341.5,344,340.5
08/29/2018,341.25,95606,341,344,340.25
08/28/2018,341,120362,345.75,347.75,340.75
08/27/2018,346.75,114351,348.5,348.75,343
08/24/2018,348.5,96424,346.5,350,346.25
08/23/2018,346.75,119882,353,355,346.25
08/22/2018,352.5,84359,359.25,359.25,352.25
08/21/2018,359.75,79857,362.75,363.75,358.5
08/20/2018,362,76667,365.25,366,359.5
08/17/2018,364.25,68841,365,367.75,361.75
08/16/2018,365.25,62851,361.5,367.5,360.5
08/15/2018,361.5,81337,362.25,363.5,359
08/14/2018,362.25,85037,356.5,363,356.5
08/13/2018,356.5,154974,355.75,358,352.25
08/10/2018,357.75,161767,368.5,369.75,357
08/09/2018,369.25,125872,371,372.75,366.5
08/08/2018,371.25,100930,370.5,373.75,370
08/07/2018,370.75,138616,371,373.25,368.75
08/06/2018,371,64412,370,371.75,368.25
08/03/2018,369.75,62157,366.75,371.25,364.75
08/02/2018,366.75,142163,365,372.75,364.75
08/01/2018,365,102097,372,373,364
07/31/2018,372.25,118663,367,374.25,366.25
07/30/2018,367.25,110292,364,369.25,363.5
07/27/2018,362,114884,361,363.75,359.5
07/26/2018,361.5,131806,361,365.75,360.25
07/25/2018,359.25,109365,352.25,360,352
07/24/2018,352,88389,355.25,356.5,351.5
07/23/2018,357.25,62807,356,358.5,354.5
07/20/2018,355.25,58739,351.25,355.75,349.75
07/19/2018,351.25,70319,347,352,345
07/18/2018,347.25,71391,346.25,349,346
07/17/2018,346.25,87770,345,348.75,344.25
07/16/2018,341.75,81258,340,345.75,338.75
07/13/2018,330.25,272,332.25,332.5,332.25
07/12/2018,336.5,495,332.25,340.75,329.75
07/11/2018,331.25,1533,336,337,331.5
07/10/2018,339.75,2668,344.25,344.75,336.25
07/09/2018,345.75,3190,346,348.5,343.25
07/06/2018,351.75,3068,342,352.25,342
07/05/2018,343.5,3302,345.5,348.75,342.25
07/03/2018,342.75,3048,340.25,345.25,339.25
07/02/2018,337.5,7477,352.25,352.25,337
06/29/2018,350.25,18770,345.75,355.5,345.5
06/28/2018,345,137406,351.5,352.5,344.5
06/27/2018,352.5,146445,352,356.5,351.5
06/26/2018,352.5,201060,350.5,355.5,348
06/25/2018,350.5,170790,358.5,359.5,349.25
06/22/2018,357.25,119294,358,359.75,355
06/21/2018,357,142241,354.25,359,349.25
06/20/2018,354.25,176520,354,357,347.5
06/19/2018,353.75,309734,355.75,357.75,338.75
06/18/2018,356,20098,355.75,356,349
06/15/2018,361.25,286175,364.5,368.25,355.25
06/14/2018,363,339069,374,374.75,362.5
06/13/2018,376,203129,377.5,379.75,373.25
06/12/2018,377.5,278575,368,379.5,367.25
06/11/2018,367.25,256339,376.5,379,366.75
06/08/2018,377.75,155434,376.25,379,373.5
06/07/2018,376.25,274914,379,382,374.25
06/06/2018,378.25,207485,384.25,386.5,378
06/05/2018,383.75,194052,380.75,385.25,380
06/04/2018,380.75,241463,389.75,389.75,380.5
06/01/2018,391.5,157569,393.75,397,390.75
05/31/2018,394,174194,393.5,398.5,393.25
05/30/2018,393.5,270492,398.25,398.5,390.75
05/29/2018,400,223187,408.75,410,397.5
05/25/2018,406,115699,404,406.75,403.25
05/24/2018,404.25,222820,408.25,412.25,403.75
05/23/2018,408.5,147575,404.5,409,403
05/22/2018,404.75,153128,402.25,407,401
05/21/2018,402.75,171591,405.5,407.5,401.25
05/18/2018,402.5,171717,395.25,403.5,395
05/17/2018,395.25,137499,399,402,395
05/16/2018,399.25,160457,401.75,404.75,398
05/15/2018,402.25,174030,396.25,402.5,396
05/14/2018,389,198,388.5,388.75,387.5
05/11/2018,389.75,497,394,394.75,389.75
05/10/2018,394.75,604,395.5,399.75,393.25
05/09/2018,394.75,911,396.25,397,394
05/08/2018,395.5,2020,392.75,396,391.25
05/07/2018,393.25,1935,397.25,397.25,393.25
05/04/2018,398.75,2089,399.5,400,397.5
05/03/2018,399.5,1317,396,399.5,395
05/02/2018,396,3180,396.25,397.25,395
05/01/2018,396.75,7154,393,397,391.5
04/30/2018,392.5,18230,390.75,395.75,390.5
04/27/2018,389.5,161136,385.25,390.5,385.25
04/26/2018,386,117737,386,387,384
04/25/2018,386.5,111722,381,387.25,380.5
04/24/2018,381.25,79756,378.5,381.5,377
04/23/2018,378.5,109983,376.5,379.25,376.25
04/20/2018,376.5,135146,381.25,381.75,376.25
04/19/2018,382,91650,382.75,383.5,380.75
04/18/2018,383,125943,380.75,383.5,380
04/17/2018,380.25,219351,383,384.5,379.75
04/16/2018,382.5,158133,385,386.25,382
04/13/2018,386.25,215301,388.5,389.25,385
04/12/2018,388.75,180049,386.5,389.25,385
04/11/2018,387,134577,389.25,390.5,385.75
04/10/2018,389.25,250248,390,392.25,388.5
04/09/2018,390.75,188118,389.75,392.5,388.75
04/06/2018,388.5,285286,382,390,382
04/05/2018,389.5,245265,382,389.5,380.75
04/04/2018,381,346763,388,389,372
04/03/2018,388.5,183381,387,392,386.75
04/02/2018,387.25,184656,389.25,392.5,387
03/29/2018,387.75,354830,373.75,389.25,373.75
03/28/2018,373.5,144764,374.25,375,372
03/27/2018,374,3975,374.25,375,374.25
03/26/2018,374,166438,378.5,380.75,373.5
03/23/2018,377.25,262673,376.25,378.25,369.25
03/22/2018,376,148380,375.5,377.5,374
03/21/2018,375,140380,375,375.75,373.75
03/20/2018,374.5,192215,375.25,377,373.25
03/19/2018,375,228921,382,382,374.75
03/16/2018,382.75,142888,386.25,387.5,382.5
03/15/2018,386.75,169290,388.25,390.75,385.5
03/14/2018,383.5,188,386.5,386.5,384.25
03/13/2018,385.5,2044,383.75,388.75,383.5
03/12/2018,384.25,1455,382.75,384.25,380.5
03/09/2018,383,2981,385,385.25,382.5
03/08/2018,385.75,2385,378.5,385.75,378
03/07/2018,379.25,4263,378.75,380.75,378.5
03/06/2018,379.75,2299,377.75,380.25,377.25
03/05/2018,378.25,8183,376.25,378.5,374.75
03/02/2018,377.25,5914,377.75,380.25,376
03/01/2018,378.75,8452,374,379,372
02/28/2018,374.5,19589,370.5,376.75,369.75
02/27/2018,370.5,227602,368.25,371,367.75
02/26/2018,368.5,283810,366.5,370,366.5
02/23/2018,366.25,181599,366.25,367.75,365.25
02/22/2018,366.75,194582,365.5,367,364.25
02/21/2018,365.75,205502,365.75,368.5,364.25
02/20/2018,365.5,292210,369,370,365.25
02/16/2018,367.5,172422,368,368.5,366.5
02/15/2018,367.75,174287,367,368.75,365.5
02/14/2018,367.25,156344,366.5,368.5,364.75
02/13/2018,366.75,233640,366.5,368.5,366
02/12/2018,367,236984,365,367,364.25
02/09/2018,362,232044,364.75,365.5,361.5
02/08/2018,365.75,300252,365,367.75,364.5
02/07/2018,365.25,457524,363.75,365.75,362.5
02/06/2018,363.5,220538,358.75,364,356.25
02/05/2018,358.75,244763,359.5,360.75,357.25
02/02/2018,361.5,184286,361,362.5,359.5
02/01/2018,361.75,240810,360.75,362,358.5
01/31/2018,361.5,158486,361.5,362,359.5
01/30/2018,361.5,201240,359.5,362.25,359
01/29/2018,358.75,159668,356.75,359.25,356.75
01/26/2018,356.5,125362,355,357,354.5
01/25/2018,355.25,211460,356,358,354.5
01/24/2018,356.5,312216,351.25,357,349.75
01/23/2018,351.25,191553,351.75,352,349.5
01/22/2018,352,165392,353.5,354.5,351.25
01/19/2018,352.5,134421,351.5,354,351.25
01/18/2018,351.5,174921,352.5,354,350.5
01/17/2018,353,217224,348.5,353.25,348.25
01/16/2018,348.25,162141,347.25,349.25,346
01/12/2018,346.25,195191,348.75,350,345.5
01/11/2018,348.75,144829,349,350.5,348
01/10/2018,349,130251,348.75,350,348
01/09/2018,349,137800,347.5,350,347.25
01/08/2018,347.25,256181,350.75,351.5,346.75
01/05/2018,351.25,132909,350.75,352.25,350.25
01/04/2018,351,165368,353,353.5,350.25
01/03/2018,353,122048,353,354.75,352.25
01/02/2018,353.25,136756,351.25,354,350.5
12/29/2017,350.75,82605,351.25,351.5,350.25
12/28/2017,352,86123,353,353.5,350
12/27/2017,353.75,79243,352,354.25,351.75
12/26/2017,352.75,54881,352,353.25,351
12/22/2017,352,59841,350.75,352.5,350.5
12/21/2017,351.25,100066,349,351.75,348.5
12/20/2017,349.25,96803,347.5,349.75,347.25
12/19/2017,347.5,74033,346.75,348.75,346.5
12/18/2017,347,87115,347.25,348.75,346.5
12/15/2017,347.5,114431,348.75,350.75,346.5
12/14/2017,336.25,151,337,338,336.75
12/13/2017,336.75,360,337.25,337.5,336.5
12/12/2017,335.75,850,336.5,340.75,335.25
12/11/2017,336.5,1050,340,340,336
12/08/2017,340,1283,338.5,341.25,338.5
12/07/2017,338.75,2891,339,340,337.5
12/06/2017,339.25,5515,339,341.5,337.75
12/05/2017,339.75,7530,339.75,343,338.5
12/04/2017,339.5,9360,344.75,346,338.75
12/01/2017,344.75,10212,341.75,345.25,341
11/30/2017,341.75,25157,339.25,343,337.5
11/29/2017,339,221851,335.75,340,335.5
11/28/2017,336.25,163155,339,339.5,335.75
11/27/2017,338.75,247887,342.5,342.5,338.5
11/24/2017,342.25,138793,344.25,345.75,339.75
11/22/2017,345.25,162558,344.25,347,344
11/21/2017,345,230190,344,345.75,342.75
11/20/2017,345,268004,342.5,345.25,341.5
11/17/2017,343,337543,336.5,343.5,336.5
11/16/2017,336.5,168495,338.25,339,336.25
11/15/2017,338.25,201802,337.25,339,337
11/14/2017,337.5,202124,342,342.25,337.25
11/13/2017,342.25,256489,343.5,344,341.5
11/10/2017,343.5,320430,341.75,344,341
11/09/2017,341.5,445053,347.5,349.75,340.75
11/08/2017,348.25,189086,347.5,349,345.75
11/07/2017,347.75,259207,347.75,348.25,346.25
11/06/2017,348,188696,348.5,350.25,347.75
11/03/2017,348.25,188296,350.25,351,347.5
11/02/2017,350.5,148487,347.75,352,347.5
11/01/2017,348.25,198152,345.75,349.25,345.25
10/31/2017,345.75,157414,348,348.75,345.5
10/30/2017,348.75,104509,348.5,349.75,347.25
10/27/2017,348.75,146233,350.25,350.25,347.5
10/26/2017,350.5,134492,350.75,352,349.5
10/25/2017,351,185193,352.5,355.25,350.5
10/24/2017,352.75,199055,351,353,349.5
10/23/2017,351.25,238837,344.25,351.75,343
10/20/2017,344.5,179875,349,350,344.25
10/19/2017,349,117908,348.75,351.5,348.5
10/18/2017,348.5,118864,350.25,350.5,347.75
10/17/2017,350,123109,350.25,351.75,348.5
10/16/2017,350.5,128826,352.75,353.25,349.75
10/13/2017,352.75,142469,348.5,353.5,348.25
10/12/2017,349,320529,346,354,342.5
10/11/2017,346,147560,348.75,349,345.5
10/10/2017,349.25,99239,349,351.25,348.25
10/09/2017,349.5,99967,350.5,351.75,348
10/06/2017,350,129778,349.25,351,348.5
10/05/2017,349.5,104644,348.25,351.25,347.5
10/04/2017,348.25,159849,349.25,349.5,346
10/03/2017,349.5,174928,351.5,351.5,348.75
10/02/2017,351.5,171081,354.75,356.25,351
09/29/2017,355.25,224611,352.25,358,350
09/28/2017,352.5,118768,353.25,353.75,350.5
09/27/2017,354,172892,352,354.5,348.5
09/26/2017,352.25,155862,352.75,355.5,351.5
09/25/2017,353.75,97453,352.75,355,351.25
09/22/2017,353.5,127979,349.75,356.25,349.5
09/21/2017,350.25,82977,349.5,351.25,348.5
09/20/2017,350,102116,348,351.5,347.25
09/19/2017,348.25,146095,351,353.25,346.5
09/18/2017,351.5,99550,353.25,355.5,350.5
09/15/2017,354.75,109791,353.5,355.5,352.5
09/14/2017,341.75,48,343.25,343.25,343.25
09/13/2017,338.5,246,339.5,344.25,339.25
09/12/2017,340,447,346,346,336
09/11/2017,345.5,754,345.25,346.5,342.75
09/08/2017,344.25,775,342.25,345.5,342.25
09/07/2017,341.75,1744,346.75,346.75,341.75
09/06/2017,347,2849,343.75,347.25,342
09/05/2017,344.25,4571,343.25,345.75,341.25
09/01/2017,340,7646,341.5,345.5,338
08/31/2017,342.25,14093,329.25,342.75,328.5
08/30/2017,329.5,152717,333,334,329
08/29/2017,333.5,114056,335.5,336,332
08/28/2017,336,90976,338.75,340.25,335.5
08/25/2017,338.75,108943,342,342.75,338
08/24/2017,342,87962,341.5,342.75,340.25
08/23/2017,342,71293,346.25,348.75,341.5
08/22/2017,346,103780,349,351,346
08/21/2017,349,84479,350.5,350.75,346.5
08/18/2017,352,124737,350,352.5,349.75
08/17/2017,350.5,75625,352.5,353.75,349.5
08/16/2017,352.5,141711,355,356.75,349.25
08/15/2017,355.25,97075,361,361,354
08/14/2017,362.75,82371,358.75,363,356
08/11/2017,360.75,106806,358.75,361.5,357.25
08/10/2017,357.25,295092,371.75,375.5,356.5
08/09/2017,372.25,155079,369,372.5,368.75
08/08/2017,369.75,154908,372.5,374.25,368.25
08/07/2017,372.25,120452,368.75,372.5,368.25
08/04/2017,366.5,87613,363.5,368,363.25
08/03/2017,363.5,143599,365,367.25,361.25
08/02/2017,365,78624,364.5,367.25,363.75
08/01/2017,362.5,92409,369.25,371.5,362
07/31/2017,370.75,66954,371,372.25,367.5
07/28/2017,374.25,59070,373.75,377,373
07/27/2017,374.25,67012,374,377.25,373
07/26/2017,372.75,92313,368.5,373.25,366
07/25/2017,368.75,105744,382,383.75,368.5
07/24/2017,377.25,112934,375.5,377.5,371
07/21/2017,379.75,130249,390.5,391,378.5
07/20/2017,391,131810,382.5,393.25,380.5
07/19/2017,382.5,128371,376.5,389,374.25
07/18/2017,377,140024,380.75,388.75,375.25
07/17/2017,375,102548,375.75,378.75,370.5
07/14/2017,376.25,132,369,369,369
07/13/2017,361,501,369,376.25,360
07/12/2017,376.25,898,388,391.25,376
07/11/2017,392.25,1711,393.25,394.5,387
07/10/2017,391.75,1412,387.75,392.25,387.75
07/07/2017,382.25,2865,379,386.75,378.25
07/06/2017,380.25,4854,380,381.25,375
07/05/2017,381.75,7379,379.5,383.25,374.75
07/03/2017,378,10155,373.25,385.25,373
06/30/2017,370.5,22999,364,372.5,359.5
06/29/2017,359.75,159167,360,362.25,356.25
06/28/2017,356.75,196726,355.5,360.5,356.75
06/27/2017,359.25,188447,359,364.25,359.25
06/26/2017,359,184341,359,361.75,357.25
06/23/2017,357.75,224348,358.25,364.75,356.5
06/22/2017,362.75,161284,362.5,369.25,362.5
06/21/2017,368.75,143466,368.5,373.5,368.25
06/20/2017,370,182300,370,377.5,369.25
06/19/2017,375.25,215498,375.5,381.5,375.25
06/16/2017,384,194053,383.75,384.5,377
06/15/2017,379.5,253445,377.5,382,370
06/14/2017,377,183900,376.5,385,376.75
06/13/2017,381,213077,381,383.75,377.5
06/12/2017,377.25,333169,377,387.25,376.25
06/09/2017,387.75,240618,387.25,389.5,380.75
06/08/2017,385.75,369203,384.5,391.75,384.25
06/07/2017,384.75,482695,385,387,378.25
06/06/2017,377.25,238289,378,379.75,371.25
06/05/2017,373,176356,372.75,375.5,372
06/02/2017,372.75,114144,371.75,374.75,369.5
06/01/2017,370.5,161024,370,373.75,367.5
05/31/2017,372,243760,371,376.5,369
05/30/2017,367,190405,367,373.75,366.25
05/26/2017,374.25,113520,374,374.75,368.75
05/25/2017,369.25,99871,369.25,373,368.75
05/24/2017,371.25,90276,371,371.5,368.75
05/23/2017,369.5,168280,370,375.75,369
05/22/2017,375,159786,375,377.5,371.75
05/19/2017,372.5,190621,371.75,373,366
05/18/2017,366,184740,366,371.5,364.25
05/17/2017,371.5,133085,371,372.25,366.25
05/16/2017,367.75,104377,367.25,368.75,365.25
05/15/2017,367.75,109353,367.5,371.75,367.25
05/12/2017,371,205,361,362,360
05/11/2017,360.5,340,363.25,364.25,360.25
05/10/2017,365.25,1015,358.75,365,358.25
05/09/2017,358.25,1631,358.25,360.5,357.25
05/08/2017,356.75,1897,360.5,360.5,356.5
05/05/2017,361.75,2388,359,365.5,359
05/04/2017,358,2961,367,367.5,357.5
05/03/2017,366.25,4165,363.5,367.5,362.25
05/02/2017,364,4395,357,369.75,362.25
05/01/2017,369.25,8976,365,370.5,361.75
04/28/2017,358,30659,363,361.25,355.5
04/27/2017,362,133484,360.75,364,358.5
04/26/2017,359,172059,359,367.25,358.25
04/25/2017,365,156080,363,368.25,356.25
04/24/2017,359.25,124732,359.25,360.5,356.25
04/21/2017,357,159992,357,358.75,354.25
04/20/2017,357.75,149584,357.25,363.75,357.25
04/19/2017,361.75,164525,361.25,365.25,360.5
04/18/2017,361.75,172137,361,368,360.75
04/17/2017,366.5,125614,366.75,372,365.5
04/13/2017,371,235728,370.75,373,368.5
04/12/2017,369,202294,368.75,371.5,366.25
04/11/2017,366.5,227008,366.5,369,362.25
04/10/2017,367,191561,365,367,359
04/07/2017,359.5,199932,360,361.75,357.25
04/06/2017,360.75,115559,360.25,365.5,360
04/05/2017,364.75,124454,364.25,365.75,361.5
04/04/2017,363,140591,363,369.75,362.75
04/03/2017,367.75,211917,367,371.75,365.5
03/31/2017,364.25,285282,364,366.75,355
03/30/2017,357.5,89553,357.5,358.75,356.75
03/29/2017,358.5,125610,358,360.75,356.5
03/28/2017,357.75,105630,356.75,358.75,355.75
03/27/2017,355.75,131405,355.75,358.25,354.25
03/24/2017,356.25,101102,356.25,358,355.25
03/23/2017,356.75,115146,357,359.75,356.25
03/22/2017,358.75,125392,358.25,361.75,358.25
03/21/2017,361.25,143182,361,364,359.25
03/20/2017,363.5,134208,363.25,370.75,363
03/17/2017,367.5,82555,367.25,367.75,364.5
03/16/2017,366,102119,366,367,363.5
03/15/2017,363.5,97601,363.5,364.75,362
03/14/2017,353.75,518,354,358.25,353
03/13/2017,354.5,1637,356.5,358.75,353.5
03/10/2017,358,1739,359,360.25,356
03/09/2017,359.75,1999,365,366.5,359.25
03/08/2017,365.25,7048,368.25,370.25,365
03/07/2017,369.5,4250,373,373.25,367.5
03/06/2017,372.75,3515,376,377,371
